magic_number,data,footer,
3735928559,5.300000190734863,3405707998,
3735928559,5.300000190734863,3405707998,
3735928559,5.300000190734863,3405707998,
3735928559,5.300000190734863,3405707998,
3735928559,5.300000190734863,3405707998,
3735928559,5.300000190734863,3405707998,
3735928559,5.300000190734863,3405707998,
3735928559,5.300000190734863,3405707998,
3735928559,5.300000190734863,3405707998,
3735928559,5.300000190734863,3405707998,
3735928559,5.300000190734863,3405707998,
3735928559,5.300000190734863,3405707998,
3735928559,5.300000190734863,3405707998,
